backend,shape,bit_width,rows,selectivity,method,repeat,latency_ns,run_count,matched_rows
scalar,random,8,262144,1,access_compare,1,126344708.,2110,2129
scalar,random,8,262144,1,access_compare,2,126183302.,2110,2129
scalar,random,8,262144,1,access_compare,3,124516832.,2110,2129
scalar,random,8,262144,1,access_compare,4,143490629.,2110,2129
scalar,random,8,262144,1,access_compare,5,137123961.,2110,2129
scalar,random,8,262144,1,access_compare,6,132982187.,2110,2129
scalar,random,8,262144,1,access_compare,7,130731593.,2110,2129
scalar,random,8,262144,1,matching_range_runs,1,22965465.,2110,2129
scalar,random,8,262144,1,matching_range_runs,2,22385741.,2110,2129
scalar,random,8,262144,1,matching_range_runs,3,21561406.,2110,2129
scalar,random,8,262144,1,matching_range_runs,4,22745355.,2110,2129
scalar,random,8,262144,1,matching_range_runs,5,21166190.,2110,2129
scalar,random,8,262144,1,matching_range_runs,6,27414251.,2110,2129
scalar,random,8,262144,1,matching_range_runs,7,25668279.,2110,2129
scalar,random,8,262144,10,access_compare,1,132335060.,23060,25541
scalar,random,8,262144,10,access_compare,2,127332750.,23060,25541
scalar,random,8,262144,10,access_compare,3,134525653.,23060,25541
scalar,random,8,262144,10,access_compare,4,147001076.,23060,25541
scalar,random,8,262144,10,access_compare,5,137739387.,23060,25541
scalar,random,8,262144,10,access_compare,6,134292543.,23060,25541
scalar,random,8,262144,10,access_compare,7,154844006.,23060,25541
scalar,random,8,262144,10,matching_range_runs,1,56553776.,23060,25541
scalar,random,8,262144,10,matching_range_runs,2,44200557.,23060,25541
scalar,random,8,262144,10,matching_range_runs,3,50978942.,23060,25541
scalar,random,8,262144,10,matching_range_runs,4,49597884.,23060,25541
scalar,random,8,262144,10,matching_range_runs,5,41520644.,23060,25541
scalar,random,8,262144,10,matching_range_runs,6,42943205.,23060,25541
scalar,random,8,262144,10,matching_range_runs,7,38670424.,23060,25541
scalar,random,8,262144,40,access_compare,1,136571639.,62867,104441
scalar,random,8,262144,40,access_compare,2,138562821.,62867,104441
scalar,random,8,262144,40,access_compare,3,143544632.,62867,104441
scalar,random,8,262144,40,access_compare,4,135508193.,62867,104441
scalar,random,8,262144,40,access_compare,5,139494161.,62867,104441
scalar,random,8,262144,40,access_compare,6,143987650.,62867,104441
scalar,random,8,262144,40,access_compare,7,147416994.,62867,104441
scalar,random,8,262144,40,matching_range_runs,1,36986554.,62867,104441
scalar,random,8,262144,40,matching_range_runs,2,38740827.,62867,104441
scalar,random,8,262144,40,matching_range_runs,3,40742712.,62867,104441
scalar,random,8,262144,40,matching_range_runs,4,40486301.,62867,104441
scalar,random,8,262144,40,matching_range_runs,5,41353638.,62867,104441
scalar,random,8,262144,40,matching_range_runs,6,38812131.,62867,104441
scalar,random,8,262144,40,matching_range_runs,7,38293009.,62867,104441
scalar,random,8,262144,90,access_compare,1,136874451.,24795,234438
scalar,random,8,262144,90,access_compare,2,134062733.,24795,234438
scalar,random,8,262144,90,access_compare,3,138503819.,24795,234438
scalar,random,8,262144,90,access_compare,4,134739161.,24795,234438
scalar,random,8,262144,90,access_compare,5,137264868.,24795,234438
scalar,random,8,262144,90,access_compare,6,135366887.,24795,234438
scalar,random,8,262144,90,access_compare,7,130135968.,24795,234438
scalar,random,8,262144,90,matching_range_runs,1,37022556.,24795,234438
scalar,random,8,262144,90,matching_range_runs,2,39326352.,24795,234438
scalar,random,8,262144,90,matching_range_runs,3,43662235.,24795,234438
scalar,random,8,262144,90,matching_range_runs,4,41101827.,24795,234438
scalar,random,8,262144,90,matching_range_runs,5,46502153.,24795,234438
scalar,random,8,262144,90,matching_range_runs,6,42121370.,24795,234438
scalar,random,8,262144,90,matching_range_runs,7,41241933.,24795,234438
scalar,random,8,262144,100,access_compare,1,130332576.,1,262144
scalar,random,8,262144,100,access_compare,2,128584203.,1,262144
scalar,random,8,262144,100,access_compare,3,133306101.,1,262144
scalar,random,8,262144,100,access_compare,4,159426698.,1,262144
scalar,random,8,262144,100,access_compare,5,131054007.,1,262144
scalar,random,8,262144,100,access_compare,6,130434780.,1,262144
scalar,random,8,262144,100,access_compare,7,133724619.,1,262144
scalar,random,8,262144,100,matching_range_runs,1,100.,1,262144
scalar,random,8,262144,100,matching_range_runs,2,100.,1,262144
scalar,random,8,262144,100,matching_range_runs,3,100.,1,262144
scalar,random,8,262144,100,matching_range_runs,4,0.,1,262144
scalar,random,8,262144,100,matching_range_runs,5,0.,1,262144
scalar,random,8,262144,100,matching_range_runs,6,0.,1,262144
scalar,random,8,262144,100,matching_range_runs,7,0.,1,262144
scalar,random,16,262144,1,access_compare,1,319222289.,2520,2539
scalar,random,16,262144,1,access_compare,2,303176416.,2520,2539
scalar,random,16,262144,1,access_compare,3,325426750.,2520,2539
scalar,random,16,262144,1,access_compare,4,321538486.,2520,2539
scalar,random,16,262144,1,access_compare,5,311585069.,2520,2539
scalar,random,16,262144,1,access_compare,6,322592431.,2520,2539
scalar,random,16,262144,1,access_compare,7,309424678.,2520,2539
scalar,random,16,262144,1,matching_range_runs,1,41118425.,2520,2539
scalar,random,16,262144,1,matching_range_runs,2,37866588.,2520,2539
scalar,random,16,262144,1,matching_range_runs,3,38064696.,2520,2539
scalar,random,16,262144,1,matching_range_runs,4,43495424.,2520,2539
scalar,random,16,262144,1,matching_range_runs,5,47322185.,2520,2539
scalar,random,16,262144,1,matching_range_runs,6,43086107.,2520,2539
scalar,random,16,262144,1,matching_range_runs,7,39441454.,2520,2539
scalar,random,16,262144,10,access_compare,1,307999918.,23795,26455
scalar,random,16,262144,10,access_compare,2,400366393.,23795,26455
scalar,random,16,262144,10,access_compare,3,322651933.,23795,26455
scalar,random,16,262144,10,access_compare,4,300802517.,23795,26455
scalar,random,16,262144,10,access_compare,5,286981337.,23795,26455
scalar,random,16,262144,10,access_compare,6,317388112.,23795,26455
scalar,random,16,262144,10,access_compare,7,318702468.,23795,26455
scalar,random,16,262144,10,matching_range_runs,1,41668847.,23795,26455
scalar,random,16,262144,10,matching_range_runs,2,40549200.,23795,26455
scalar,random,16,262144,10,matching_range_runs,3,40587503.,23795,26455
scalar,random,16,262144,10,matching_range_runs,4,41280331.,23795,26455
scalar,random,16,262144,10,matching_range_runs,5,43487124.,23795,26455
scalar,random,16,262144,10,matching_range_runs,6,41291032.,23795,26455
scalar,random,16,262144,10,matching_range_runs,7,40721508.,23795,26455
scalar,random,16,262144,40,access_compare,1,323267759.,62927,105197
scalar,random,16,262144,40,access_compare,2,336615619.,62927,105197
scalar,random,16,262144,40,access_compare,3,346896750.,62927,105197
scalar,random,16,262144,40,access_compare,4,308102569.,62927,105197
scalar,random,16,262144,40,access_compare,5,324513920.,62927,105197
scalar,random,16,262144,40,access_compare,6,291484374.,62927,105197
scalar,random,16,262144,40,access_compare,7,300517443.,62927,105197
scalar,random,16,262144,40,matching_range_runs,1,40041031.,62927,105197
scalar,random,16,262144,40,matching_range_runs,2,43661479.,62927,105197
scalar,random,16,262144,40,matching_range_runs,3,49368311.,62927,105197
scalar,random,16,262144,40,matching_range_runs,4,48099959.,62927,105197
scalar,random,16,262144,40,matching_range_runs,5,45312446.,62927,105197
scalar,random,16,262144,40,matching_range_runs,6,43195560.,62927,105197
scalar,random,16,262144,40,matching_range_runs,7,42509032.,62927,105197
scalar,random,16,262144,90,access_compare,1,360217675.,23545,236079
scalar,random,16,262144,90,access_compare,2,324820933.,23545,236079
scalar,random,16,262144,90,access_compare,3,313583274.,23545,236079
scalar,random,16,262144,90,access_compare,4,305898662.,23545,236079
scalar,random,16,262144,90,access_compare,5,361702835.,23545,236079
scalar,random,16,262144,90,access_compare,6,325629066.,23545,236079
scalar,random,16,262144,90,access_compare,7,326640606.,23545,236079
scalar,random,16,262144,90,matching_range_runs,1,58757794.,23545,236079
scalar,random,16,262144,90,matching_range_runs,2,56785113.,23545,236079
scalar,random,16,262144,90,matching_range_runs,3,52698047.,23545,236079
scalar,random,16,262144,90,matching_range_runs,4,42936649.,23545,236079
scalar,random,16,262144,90,matching_range_runs,5,52720048.,23545,236079
scalar,random,16,262144,90,matching_range_runs,6,45753664.,23545,236079
scalar,random,16,262144,90,matching_range_runs,7,44522814.,23545,236079
scalar,random,16,262144,100,access_compare,1,331325998.,1,262144
scalar,random,16,262144,100,access_compare,2,358218693.,1,262144
scalar,random,16,262144,100,access_compare,3,365915407.,1,262144
scalar,random,16,262144,100,access_compare,4,331401200.,1,262144
scalar,random,16,262144,100,access_compare,5,327950860.,1,262144
scalar,random,16,262144,100,access_compare,6,348770008.,1,262144
scalar,random,16,262144,100,access_compare,7,333245276.,1,262144
scalar,random,16,262144,100,matching_range_runs,1,200.,1,262144
scalar,random,16,262144,100,matching_range_runs,2,0.,1,262144
scalar,random,16,262144,100,matching_range_runs,3,100.,1,262144
scalar,random,16,262144,100,matching_range_runs,4,0.,1,262144
scalar,random,16,262144,100,matching_range_runs,5,0.,1,262144
scalar,random,16,262144,100,matching_range_runs,6,0.,1,262144
scalar,random,16,262144,100,matching_range_runs,7,0.,1,262144
scalar,random,32,262144,1,access_compare,1,823170081.,2526,2549
scalar,random,32,262144,1,access_compare,2,784904213.,2526,2549
scalar,random,32,262144,1,access_compare,3,752627075.,2526,2549
scalar,random,32,262144,1,access_compare,4,767274937.,2526,2549
scalar,random,32,262144,1,access_compare,5,717815839.,2526,2549
scalar,random,32,262144,1,access_compare,6,734602583.,2526,2549
scalar,random,32,262144,1,access_compare,7,892470240.,2526,2549
scalar,random,32,262144,1,matching_range_runs,1,49465098.,2526,2549
scalar,random,32,262144,1,matching_range_runs,2,43926485.,2526,2549
scalar,random,32,262144,1,matching_range_runs,3,80986107.,2526,2549
scalar,random,32,262144,1,matching_range_runs,4,86745928.,2526,2549
scalar,random,32,262144,1,matching_range_runs,5,70270396.,2526,2549
scalar,random,32,262144,1,matching_range_runs,6,52382010.,2526,2549
scalar,random,32,262144,1,matching_range_runs,7,57240996.,2526,2549
scalar,random,32,262144,10,access_compare,1,807715853.,23770,26385
scalar,random,32,262144,10,access_compare,2,786382842.,23770,26385
scalar,random,32,262144,10,access_compare,3,702223452.,23770,26385
scalar,random,32,262144,10,access_compare,4,687883741.,23770,26385
scalar,random,32,262144,10,access_compare,5,705295984.,23770,26385
scalar,random,32,262144,10,access_compare,6,738648906.,23770,26385
scalar,random,32,262144,10,access_compare,7,756984388.,23770,26385
scalar,random,32,262144,10,matching_range_runs,1,48824283.,23770,26385
scalar,random,32,262144,10,matching_range_runs,2,45668048.,23770,26385
scalar,random,32,262144,10,matching_range_runs,3,45850355.,23770,26385
scalar,random,32,262144,10,matching_range_runs,4,51263987.,23770,26385
scalar,random,32,262144,10,matching_range_runs,5,45152526.,23770,26385
scalar,random,32,262144,10,matching_range_runs,6,44308690.,23770,26385
scalar,random,32,262144,10,matching_range_runs,7,45731751.,23770,26385
scalar,random,32,262144,40,access_compare,1,731112484.,62936,104909
scalar,random,32,262144,40,access_compare,2,718378850.,62936,104909
scalar,random,32,262144,40,access_compare,3,736929828.,62936,104909
scalar,random,32,262144,40,access_compare,4,860445811.,62936,104909
scalar,random,32,262144,40,access_compare,5,711600265.,62936,104909
scalar,random,32,262144,40,access_compare,6,716224659.,62936,104909
scalar,random,32,262144,40,access_compare,7,734065308.,62936,104909
scalar,random,32,262144,40,matching_range_runs,1,47823407.,62936,104909
scalar,random,32,262144,40,matching_range_runs,2,41414138.,62936,104909
scalar,random,32,262144,40,matching_range_runs,3,43751237.,62936,104909
scalar,random,32,262144,40,matching_range_runs,4,44256157.,62936,104909
scalar,random,32,262144,40,matching_range_runs,5,46738662.,62936,104909
scalar,random,32,262144,40,matching_range_runs,6,41473540.,62936,104909
scalar,random,32,262144,40,matching_range_runs,7,45373605.,62936,104909
scalar,random,32,262144,90,access_compare,1,672502895.,23746,235850
scalar,random,32,262144,90,access_compare,2,720485553.,23746,235850
scalar,random,32,262144,90,access_compare,3,732258802.,23746,235850
scalar,random,32,262144,90,access_compare,4,719651620.,23746,235850
scalar,random,32,262144,90,access_compare,5,753017096.,23746,235850
scalar,random,32,262144,90,access_compare,6,741248447.,23746,235850
scalar,random,32,262144,90,access_compare,7,838253255.,23746,235850
scalar,random,32,262144,90,matching_range_runs,1,40425146.,23746,235850
scalar,random,32,262144,90,matching_range_runs,2,40420545.,23746,235850
scalar,random,32,262144,90,matching_range_runs,3,43017245.,23746,235850
scalar,random,32,262144,90,matching_range_runs,4,39155898.,23746,235850
scalar,random,32,262144,90,matching_range_runs,5,40032831.,23746,235850
scalar,random,32,262144,90,matching_range_runs,6,39687617.,23746,235850
scalar,random,32,262144,90,matching_range_runs,7,41799599.,23746,235850
scalar,random,32,262144,100,access_compare,1,664205300.,1,262144
scalar,random,32,262144,100,access_compare,2,643016389.,1,262144
scalar,random,32,262144,100,access_compare,3,651469082.,1,262144
scalar,random,32,262144,100,access_compare,4,629178949.,1,262144
scalar,random,32,262144,100,access_compare,5,672615479.,1,262144
scalar,random,32,262144,100,access_compare,6,677503573.,1,262144
scalar,random,32,262144,100,access_compare,7,616505245.,1,262144
scalar,random,32,262144,100,matching_range_runs,1,100.,1,262144
scalar,random,32,262144,100,matching_range_runs,2,100.,1,262144
scalar,random,32,262144,100,matching_range_runs,3,100.,1,262144
scalar,random,32,262144,100,matching_range_runs,4,0.,1,262144
scalar,random,32,262144,100,matching_range_runs,5,0.,1,262144
scalar,random,32,262144,100,matching_range_runs,6,0.,1,262144
scalar,random,32,262144,100,matching_range_runs,7,100.,1,262144
scalar,random,64,262144,1,access_compare,1,1584047525.,2549,2576
scalar,random,64,262144,1,access_compare,2,1499651255.,2549,2576
scalar,random,64,262144,1,access_compare,3,1447989563.,2549,2576
scalar,random,64,262144,1,access_compare,4,1530866819.,2549,2576
scalar,random,64,262144,1,access_compare,5,1600081724.,2549,2576
scalar,random,64,262144,1,access_compare,6,1605774555.,2549,2576
scalar,random,64,262144,1,access_compare,7,1827931723.,2549,2576
scalar,random,64,262144,1,matching_range_runs,1,37875938.,2549,2576
scalar,random,64,262144,1,matching_range_runs,2,33977280.,2549,2576
scalar,random,64,262144,1,matching_range_runs,3,37014503.,2549,2576
scalar,random,64,262144,1,matching_range_runs,4,40679752.,2549,2576
scalar,random,64,262144,1,matching_range_runs,5,36014262.,2549,2576
scalar,random,64,262144,1,matching_range_runs,6,37149809.,2549,2576
scalar,random,64,262144,1,matching_range_runs,7,33698369.,2549,2576
scalar,random,64,262144,10,access_compare,1,1704773930.,23653,26312
scalar,random,64,262144,10,access_compare,2,1855202245.,23653,26312
scalar,random,64,262144,10,access_compare,3,1775853324.,23653,26312
scalar,random,64,262144,10,access_compare,4,1534537391.,23653,26312
scalar,random,64,262144,10,access_compare,5,1569184089.,23653,26312
scalar,random,64,262144,10,access_compare,6,1642593549.,23653,26312
scalar,random,64,262144,10,access_compare,7,1575467239.,23653,26312
scalar,random,64,262144,10,matching_range_runs,1,36916794.,23653,26312
scalar,random,64,262144,10,matching_range_runs,2,36312969.,23653,26312
scalar,random,64,262144,10,matching_range_runs,3,38105741.,23653,26312
scalar,random,64,262144,10,matching_range_runs,4,34642602.,23653,26312
scalar,random,64,262144,10,matching_range_runs,5,35139122.,23653,26312
scalar,random,64,262144,10,matching_range_runs,6,41804091.,23653,26312
scalar,random,64,262144,10,matching_range_runs,7,39510998.,23653,26312
scalar,random,64,262144,40,access_compare,1,1633896000.,62727,104879
scalar,random,64,262144,40,access_compare,2,1457374458.,62727,104879
scalar,random,64,262144,40,access_compare,3,1552944607.,62727,104879
scalar,random,64,262144,40,access_compare,4,1805647285.,62727,104879
scalar,random,64,262144,40,access_compare,5,1574899120.,62727,104879
scalar,random,64,262144,40,access_compare,6,1615874583.,62727,104879
scalar,random,64,262144,40,access_compare,7,1547877623.,62727,104879
scalar,random,64,262144,40,matching_range_runs,1,35628146.,62727,104879
scalar,random,64,262144,40,matching_range_runs,2,36593983.,62727,104879
scalar,random,64,262144,40,matching_range_runs,3,37313713.,62727,104879
scalar,random,64,262144,40,matching_range_runs,4,39135186.,62727,104879
scalar,random,64,262144,40,matching_range_runs,5,36622584.,62727,104879
scalar,random,64,262144,40,matching_range_runs,6,33814971.,62727,104879
scalar,random,64,262144,40,matching_range_runs,7,35139824.,62727,104879
scalar,random,64,262144,90,access_compare,1,1526723376.,23754,235786
scalar,random,64,262144,90,access_compare,2,1490935526.,23754,235786
scalar,random,64,262144,90,access_compare,3,1500376108.,23754,235786
scalar,random,64,262144,90,access_compare,4,1595382697.,23754,235786
scalar,random,64,262144,90,access_compare,5,1829593624.,23754,235786
scalar,random,64,262144,90,access_compare,6,1507878883.,23754,235786
scalar,random,64,262144,90,access_compare,7,1574576445.,23754,235786
scalar,random,64,262144,90,matching_range_runs,1,35845531.,23754,235786
scalar,random,64,262144,90,matching_range_runs,2,45290908.,23754,235786
scalar,random,64,262144,90,matching_range_runs,3,36076640.,23754,235786
scalar,random,64,262144,90,matching_range_runs,4,35249907.,23754,235786
scalar,random,64,262144,90,matching_range_runs,5,35822629.,23754,235786
scalar,random,64,262144,90,matching_range_runs,6,35466116.,23754,235786
scalar,random,64,262144,90,matching_range_runs,7,33450335.,23754,235786
scalar,random,64,262144,100,access_compare,1,1725414337.,1,262144
scalar,random,64,262144,100,access_compare,2,1487930684.,1,262144
scalar,random,64,262144,100,access_compare,3,1404807405.,1,262144
scalar,random,64,262144,100,access_compare,4,1608409981.,1,262144
scalar,random,64,262144,100,access_compare,5,1625470034.,1,262144
scalar,random,64,262144,100,access_compare,6,1738699457.,1,262144
scalar,random,64,262144,100,access_compare,7,1468238635.,1,262144
scalar,random,64,262144,100,matching_range_runs,1,100.,1,262144
scalar,random,64,262144,100,matching_range_runs,2,0.,1,262144
scalar,random,64,262144,100,matching_range_runs,3,0.,1,262144
scalar,random,64,262144,100,matching_range_runs,4,100.,1,262144
scalar,random,64,262144,100,matching_range_runs,5,0.,1,262144
scalar,random,64,262144,100,matching_range_runs,6,0.,1,262144
scalar,random,64,262144,100,matching_range_runs,7,0.,1,262144
scalar,clustered,8,262144,1,access_compare,1,100325188.,7,1792
scalar,clustered,8,262144,1,access_compare,2,94948870.,7,1792
scalar,clustered,8,262144,1,access_compare,3,90971407.,7,1792
scalar,clustered,8,262144,1,access_compare,4,97040655.,7,1792
scalar,clustered,8,262144,1,access_compare,5,91056111.,7,1792
scalar,clustered,8,262144,1,access_compare,6,84377938.,7,1792
scalar,clustered,8,262144,1,access_compare,7,86426022.,7,1792
scalar,clustered,8,262144,1,matching_range_runs,1,16180659.,7,1792
scalar,clustered,8,262144,1,matching_range_runs,2,15065414.,7,1792
scalar,clustered,8,262144,1,matching_range_runs,3,15532033.,7,1792
scalar,clustered,8,262144,1,matching_range_runs,4,15814045.,7,1792
scalar,clustered,8,262144,1,matching_range_runs,5,15000611.,7,1792
scalar,clustered,8,262144,1,matching_range_runs,6,14602495.,7,1792
scalar,clustered,8,262144,1,matching_range_runs,7,14470690.,7,1792
scalar,clustered,8,262144,10,access_compare,1,83967722.,106,28160
scalar,clustered,8,262144,10,access_compare,2,86629330.,106,28160
scalar,clustered,8,262144,10,access_compare,3,86970845.,106,28160
scalar,clustered,8,262144,10,access_compare,4,89719556.,106,28160
scalar,clustered,8,262144,10,access_compare,5,89050729.,106,28160
scalar,clustered,8,262144,10,access_compare,6,109364657.,106,28160
scalar,clustered,8,262144,10,access_compare,7,100844510.,106,28160
scalar,clustered,8,262144,10,matching_range_runs,1,30224032.,106,28160
scalar,clustered,8,262144,10,matching_range_runs,2,29314795.,106,28160
scalar,clustered,8,262144,10,matching_range_runs,3,29571205.,106,28160
scalar,clustered,8,262144,10,matching_range_runs,4,28009141.,106,28160
scalar,clustered,8,262144,10,matching_range_runs,5,27448519.,106,28160
scalar,clustered,8,262144,10,matching_range_runs,6,31117268.,106,28160
scalar,clustered,8,262144,10,matching_range_runs,7,27647727.,106,28160
scalar,clustered,8,262144,40,access_compare,1,103920135.,245,101888
scalar,clustered,8,262144,40,access_compare,2,101225625.,245,101888
scalar,clustered,8,262144,40,access_compare,3,89395443.,245,101888
scalar,clustered,8,262144,40,access_compare,4,85909201.,245,101888
scalar,clustered,8,262144,40,access_compare,5,87868881.,245,101888
scalar,clustered,8,262144,40,access_compare,6,88252597.,245,101888
scalar,clustered,8,262144,40,access_compare,7,96237222.,245,101888
scalar,clustered,8,262144,40,matching_range_runs,1,28145547.,245,101888
scalar,clustered,8,262144,40,matching_range_runs,2,27929739.,245,101888
scalar,clustered,8,262144,40,matching_range_runs,3,28434058.,245,101888
scalar,clustered,8,262144,40,matching_range_runs,4,27249311.,245,101888
scalar,clustered,8,262144,40,matching_range_runs,5,28671568.,245,101888
scalar,clustered,8,262144,40,matching_range_runs,6,28203650.,245,101888
scalar,clustered,8,262144,40,matching_range_runs,7,28924779.,245,101888
scalar,clustered,8,262144,90,access_compare,1,85337353.,94,235008
scalar,clustered,8,262144,90,access_compare,2,81926216.,94,235008
scalar,clustered,8,262144,90,access_compare,3,87065724.,94,235008
scalar,clustered,8,262144,90,access_compare,4,91012584.,94,235008
scalar,clustered,8,262144,90,access_compare,5,92380739.,94,235008
scalar,clustered,8,262144,90,access_compare,6,83533781.,94,235008
scalar,clustered,8,262144,90,access_compare,7,89911039.,94,235008
scalar,clustered,8,262144,90,matching_range_runs,1,26206861.,94,235008
scalar,clustered,8,262144,90,matching_range_runs,2,31212663.,94,235008
scalar,clustered,8,262144,90,matching_range_runs,3,26535174.,94,235008
scalar,clustered,8,262144,90,matching_range_runs,4,30283726.,94,235008
scalar,clustered,8,262144,90,matching_range_runs,5,28438151.,94,235008
scalar,clustered,8,262144,90,matching_range_runs,6,26323165.,94,235008
scalar,clustered,8,262144,90,matching_range_runs,7,27233502.,94,235008
scalar,clustered,8,262144,100,access_compare,1,93641990.,1,262144
scalar,clustered,8,262144,100,access_compare,2,98793999.,1,262144
scalar,clustered,8,262144,100,access_compare,3,90090446.,1,262144
scalar,clustered,8,262144,100,access_compare,4,100107952.,1,262144
scalar,clustered,8,262144,100,access_compare,5,90480962.,1,262144
scalar,clustered,8,262144,100,access_compare,6,90518364.,1,262144
scalar,clustered,8,262144,100,access_compare,7,84836934.,1,262144
scalar,clustered,8,262144,100,matching_range_runs,1,100.,1,262144
scalar,clustered,8,262144,100,matching_range_runs,2,100.,1,262144
scalar,clustered,8,262144,100,matching_range_runs,3,0.,1,262144
scalar,clustered,8,262144,100,matching_range_runs,4,0.,1,262144
scalar,clustered,8,262144,100,matching_range_runs,5,0.,1,262144
scalar,clustered,8,262144,100,matching_range_runs,6,100.,1,262144
scalar,clustered,8,262144,100,matching_range_runs,7,0.,1,262144
scalar,clustered,16,262144,1,access_compare,1,195004793.,7,1792
scalar,clustered,16,262144,1,access_compare,2,194483171.,7,1792
scalar,clustered,16,262144,1,access_compare,3,181853860.,7,1792
scalar,clustered,16,262144,1,access_compare,4,178008005.,7,1792
scalar,clustered,16,262144,1,access_compare,5,189760381.,7,1792
scalar,clustered,16,262144,1,access_compare,6,179282456.,7,1792
scalar,clustered,16,262144,1,access_compare,7,180126790.,7,1792
scalar,clustered,16,262144,1,matching_range_runs,1,26528674.,7,1792
scalar,clustered,16,262144,1,matching_range_runs,2,29023674.,7,1792
scalar,clustered,16,262144,1,matching_range_runs,3,25704741.,7,1792
scalar,clustered,16,262144,1,matching_range_runs,4,26455370.,7,1792
scalar,clustered,16,262144,1,matching_range_runs,5,25398928.,7,1792
scalar,clustered,16,262144,1,matching_range_runs,6,26171060.,7,1792
scalar,clustered,16,262144,1,matching_range_runs,7,27311305.,7,1792
scalar,clustered,16,262144,10,access_compare,1,172037463.,78,21504
scalar,clustered,16,262144,10,access_compare,2,174440061.,78,21504
scalar,clustered,16,262144,10,access_compare,3,175438700.,78,21504
scalar,clustered,16,262144,10,access_compare,4,173867237.,78,21504
scalar,clustered,16,262144,10,access_compare,5,185003388.,78,21504
scalar,clustered,16,262144,10,access_compare,6,184258358.,78,21504
scalar,clustered,16,262144,10,access_compare,7,193627137.,78,21504
scalar,clustered,16,262144,10,matching_range_runs,1,27497413.,78,21504
scalar,clustered,16,262144,10,matching_range_runs,2,28641959.,78,21504
scalar,clustered,16,262144,10,matching_range_runs,3,30732744.,78,21504
scalar,clustered,16,262144,10,matching_range_runs,4,29990714.,78,21504
scalar,clustered,16,262144,10,matching_range_runs,5,29116079.,78,21504
scalar,clustered,16,262144,10,matching_range_runs,6,28929271.,78,21504
scalar,clustered,16,262144,10,matching_range_runs,7,24478390.,78,21504
scalar,clustered,16,262144,40,access_compare,1,177120769.,243,103168
scalar,clustered,16,262144,40,access_compare,2,177300476.,243,103168
scalar,clustered,16,262144,40,access_compare,3,170612105.,243,103168
scalar,clustered,16,262144,40,access_compare,4,181797858.,243,103168
scalar,clustered,16,262144,40,access_compare,5,190200498.,243,103168
scalar,clustered,16,262144,40,access_compare,6,186810561.,243,103168
scalar,clustered,16,262144,40,access_compare,7,175120288.,243,103168
scalar,clustered,16,262144,40,matching_range_runs,1,29617199.,243,103168
scalar,clustered,16,262144,40,matching_range_runs,2,30172921.,243,103168
scalar,clustered,16,262144,40,matching_range_runs,3,33490855.,243,103168
scalar,clustered,16,262144,40,matching_range_runs,4,26465571.,243,103168
scalar,clustered,16,262144,40,matching_range_runs,5,25527434.,243,103168
scalar,clustered,16,262144,40,matching_range_runs,6,29394589.,243,103168
scalar,clustered,16,262144,40,matching_range_runs,7,25643038.,243,103168
scalar,clustered,16,262144,90,access_compare,1,174018908.,102,233984
scalar,clustered,16,262144,90,access_compare,2,170813121.,102,233984
scalar,clustered,16,262144,90,access_compare,3,161300975.,102,233984
scalar,clustered,16,262144,90,access_compare,4,173685296.,102,233984
scalar,clustered,16,262144,90,access_compare,5,171856649.,102,233984
scalar,clustered,16,262144,90,access_compare,6,165367781.,102,233984
scalar,clustered,16,262144,90,access_compare,7,176577270.,102,233984
scalar,clustered,16,262144,90,matching_range_runs,1,26645489.,102,233984
scalar,clustered,16,262144,90,matching_range_runs,2,26721191.,102,233984
scalar,clustered,16,262144,90,matching_range_runs,3,27913623.,102,233984
scalar,clustered,16,262144,90,matching_range_runs,4,30769796.,102,233984
scalar,clustered,16,262144,90,matching_range_runs,5,27720118.,102,233984
scalar,clustered,16,262144,90,matching_range_runs,6,25834569.,102,233984
scalar,clustered,16,262144,90,matching_range_runs,7,26566587.,102,233984
scalar,clustered,16,262144,100,access_compare,1,254135178.,1,262144
scalar,clustered,16,262144,100,access_compare,2,208024985.,1,262144
scalar,clustered,16,262144,100,access_compare,3,182394921.,1,262144
scalar,clustered,16,262144,100,access_compare,4,180053261.,1,262144
scalar,clustered,16,262144,100,access_compare,5,188652083.,1,262144
scalar,clustered,16,262144,100,access_compare,6,170237907.,1,262144
scalar,clustered,16,262144,100,access_compare,7,182519025.,1,262144
scalar,clustered,16,262144,100,matching_range_runs,1,100.,1,262144
scalar,clustered,16,262144,100,matching_range_runs,2,100.,1,262144
scalar,clustered,16,262144,100,matching_range_runs,3,100.,1,262144
scalar,clustered,16,262144,100,matching_range_runs,4,100.,1,262144
scalar,clustered,16,262144,100,matching_range_runs,5,0.,1,262144
scalar,clustered,16,262144,100,matching_range_runs,6,0.,1,262144
scalar,clustered,16,262144,100,matching_range_runs,7,0.,1,262144
scalar,clustered,32,262144,1,access_compare,1,363637813.,12,3072
scalar,clustered,32,262144,1,access_compare,2,369448563.,12,3072
scalar,clustered,32,262144,1,access_compare,3,346906780.,12,3072
scalar,clustered,32,262144,1,access_compare,4,377505272.,12,3072
scalar,clustered,32,262144,1,access_compare,5,366857296.,12,3072
scalar,clustered,32,262144,1,access_compare,6,358242674.,12,3072
scalar,clustered,32,262144,1,access_compare,7,367897223.,12,3072
scalar,clustered,32,262144,1,matching_range_runs,1,28163429.,12,3072
scalar,clustered,32,262144,1,matching_range_runs,2,30246883.,12,3072
scalar,clustered,32,262144,1,matching_range_runs,3,26222979.,12,3072
scalar,clustered,32,262144,1,matching_range_runs,4,26549887.,12,3072
scalar,clustered,32,262144,1,matching_range_runs,5,28205530.,12,3072
scalar,clustered,32,262144,1,matching_range_runs,6,28326933.,12,3072
scalar,clustered,32,262144,1,matching_range_runs,7,28892048.,12,3072
scalar,clustered,32,262144,10,access_compare,1,355749109.,72,20480
scalar,clustered,32,262144,10,access_compare,2,446707073.,72,20480
scalar,clustered,32,262144,10,access_compare,3,371137557.,72,20480
scalar,clustered,32,262144,10,access_compare,4,339990392.,72,20480
scalar,clustered,32,262144,10,access_compare,5,363687831.,72,20480
scalar,clustered,32,262144,10,access_compare,6,362932398.,72,20480
scalar,clustered,32,262144,10,access_compare,7,357282850.,72,20480
scalar,clustered,32,262144,10,matching_range_runs,1,31065960.,72,20480
scalar,clustered,32,262144,10,matching_range_runs,2,32503624.,72,20480
scalar,clustered,32,262144,10,matching_range_runs,3,26524362.,72,20480
scalar,clustered,32,262144,10,matching_range_runs,4,24755785.,72,20480
scalar,clustered,32,262144,10,matching_range_runs,5,30071517.,72,20480
scalar,clustered,32,262144,10,matching_range_runs,6,29258081.,72,20480
scalar,clustered,32,262144,10,matching_range_runs,7,30534738.,72,20480
scalar,clustered,32,262144,40,access_compare,1,368538444.,239,102400
scalar,clustered,32,262144,40,access_compare,2,354456526.,239,102400
scalar,clustered,32,262144,40,access_compare,3,372924336.,239,102400
scalar,clustered,32,262144,40,access_compare,4,354504028.,239,102400
scalar,clustered,32,262144,40,access_compare,5,361251524.,239,102400
scalar,clustered,32,262144,40,access_compare,6,356754327.,239,102400
scalar,clustered,32,262144,40,access_compare,7,355340965.,239,102400
scalar,clustered,32,262144,40,matching_range_runs,1,29357086.,239,102400
scalar,clustered,32,262144,40,matching_range_runs,2,27634910.,239,102400
scalar,clustered,32,262144,40,matching_range_runs,3,28866165.,239,102400
scalar,clustered,32,262144,40,matching_range_runs,4,26386956.,239,102400
scalar,clustered,32,262144,40,matching_range_runs,5,25070698.,239,102400
scalar,clustered,32,262144,40,matching_range_runs,6,29365386.,239,102400
scalar,clustered,32,262144,40,matching_range_runs,7,27384500.,239,102400
scalar,clustered,32,262144,90,access_compare,1,348695174.,97,235520
scalar,clustered,32,262144,90,access_compare,2,353456683.,97,235520
scalar,clustered,32,262144,90,access_compare,3,374792817.,97,235520
scalar,clustered,32,262144,90,access_compare,4,356283206.,97,235520
scalar,clustered,32,262144,90,access_compare,5,365924977.,97,235520
scalar,clustered,32,262144,90,access_compare,6,360068699.,97,235520
scalar,clustered,32,262144,90,access_compare,7,330426464.,97,235520
scalar,clustered,32,262144,90,matching_range_runs,1,26966023.,97,235520
scalar,clustered,32,262144,90,matching_range_runs,2,31577316.,97,235520
scalar,clustered,32,262144,90,matching_range_runs,3,32113637.,97,235520
scalar,clustered,32,262144,90,matching_range_runs,4,29946248.,97,235520
scalar,clustered,32,262144,90,matching_range_runs,5,26970823.,97,235520
scalar,clustered,32,262144,90,matching_range_runs,6,29159515.,97,235520
scalar,clustered,32,262144,90,matching_range_runs,7,33241184.,97,235520
scalar,clustered,32,262144,100,access_compare,1,384821830.,1,262144
scalar,clustered,32,262144,100,access_compare,2,352765094.,1,262144
scalar,clustered,32,262144,100,access_compare,3,352420281.,1,262144
scalar,clustered,32,262144,100,access_compare,4,467869889.,1,262144
scalar,clustered,32,262144,100,access_compare,5,368207637.,1,262144
scalar,clustered,32,262144,100,access_compare,6,374582004.,1,262144
scalar,clustered,32,262144,100,access_compare,7,375733451.,1,262144
scalar,clustered,32,262144,100,matching_range_runs,1,100.,1,262144
scalar,clustered,32,262144,100,matching_range_runs,2,0.,1,262144
scalar,clustered,32,262144,100,matching_range_runs,3,100.,1,262144
scalar,clustered,32,262144,100,matching_range_runs,4,100.,1,262144
scalar,clustered,32,262144,100,matching_range_runs,5,0.,1,262144
scalar,clustered,32,262144,100,matching_range_runs,6,0.,1,262144
scalar,clustered,32,262144,100,matching_range_runs,7,100.,1,262144
scalar,clustered,64,262144,1,access_compare,1,754525330.,5,1280
scalar,clustered,64,262144,1,access_compare,2,746754606.,5,1280
scalar,clustered,64,262144,1,access_compare,3,718192268.,5,1280
scalar,clustered,64,262144,1,access_compare,4,766994430.,5,1280
scalar,clustered,64,262144,1,access_compare,5,737622434.,5,1280
scalar,clustered,64,262144,1,access_compare,6,755133987.,5,1280
scalar,clustered,64,262144,1,access_compare,7,716300538.,5,1280
scalar,clustered,64,262144,1,matching_range_runs,1,28153951.,5,1280
scalar,clustered,64,262144,1,matching_range_runs,2,27460825.,5,1280
scalar,clustered,64,262144,1,matching_range_runs,3,25428349.,5,1280
scalar,clustered,64,262144,1,matching_range_runs,4,24610419.,5,1280
scalar,clustered,64,262144,1,matching_range_runs,5,27766936.,5,1280
scalar,clustered,64,262144,1,matching_range_runs,6,28843077.,5,1280
scalar,clustered,64,262144,1,matching_range_runs,7,25987570.,5,1280
scalar,clustered,64,262144,10,access_compare,1,732394438.,84,22528
scalar,clustered,64,262144,10,access_compare,2,740225331.,84,22528
scalar,clustered,64,262144,10,access_compare,3,793486519.,84,22528
scalar,clustered,64,262144,10,access_compare,4,787966517.,84,22528
scalar,clustered,64,262144,10,access_compare,5,749382545.,84,22528
scalar,clustered,64,262144,10,access_compare,6,745609098.,84,22528
scalar,clustered,64,262144,10,access_compare,7,761625325.,84,22528
scalar,clustered,64,262144,10,matching_range_runs,1,26901453.,84,22528
scalar,clustered,64,262144,10,matching_range_runs,2,30702002.,84,22528
scalar,clustered,64,262144,10,matching_range_runs,3,28845030.,84,22528
scalar,clustered,64,262144,10,matching_range_runs,4,27922893.,84,22528
scalar,clustered,64,262144,10,matching_range_runs,5,26520839.,84,22528
scalar,clustered,64,262144,10,matching_range_runs,6,25985418.,84,22528
scalar,clustered,64,262144,10,matching_range_runs,7,28168803.,84,22528
scalar,clustered,64,262144,40,access_compare,1,740327691.,249,102144
scalar,clustered,64,262144,40,access_compare,2,737072863.,249,102144
scalar,clustered,64,262144,40,access_compare,3,827903321.,249,102144
scalar,clustered,64,262144,40,access_compare,4,711833575.,249,102144
scalar,clustered,64,262144,40,access_compare,5,743076533.,249,102144
scalar,clustered,64,262144,40,access_compare,6,745412224.,249,102144
scalar,clustered,64,262144,40,access_compare,7,786488962.,249,102144
scalar,clustered,64,262144,40,matching_range_runs,1,29032458.,249,102144
scalar,clustered,64,262144,40,matching_range_runs,2,28054419.,249,102144
scalar,clustered,64,262144,40,matching_range_runs,3,27563299.,249,102144
scalar,clustered,64,262144,40,matching_range_runs,4,31348450.,249,102144
scalar,clustered,64,262144,40,matching_range_runs,5,29980795.,249,102144
scalar,clustered,64,262144,40,matching_range_runs,6,35373511.,249,102144
scalar,clustered,64,262144,40,matching_range_runs,7,30433914.,249,102144
scalar,clustered,64,262144,90,access_compare,1,731657775.,82,238848
scalar,clustered,64,262144,90,access_compare,2,735578131.,82,238848
scalar,clustered,64,262144,90,access_compare,3,758674353.,82,238848
scalar,clustered,64,262144,90,access_compare,4,815956836.,82,238848
scalar,clustered,64,262144,90,access_compare,5,785161909.,82,238848
scalar,clustered,64,262144,90,access_compare,6,924286458.,82,238848
scalar,clustered,64,262144,90,access_compare,7,875550020.,82,238848
scalar,clustered,64,262144,90,matching_range_runs,1,29207565.,82,238848
scalar,clustered,64,262144,90,matching_range_runs,2,34457474.,82,238848
scalar,clustered,64,262144,90,matching_range_runs,3,36656563.,82,238848
scalar,clustered,64,262144,90,matching_range_runs,4,37121080.,82,238848
scalar,clustered,64,262144,90,matching_range_runs,5,33456535.,82,238848
scalar,clustered,64,262144,90,matching_range_runs,6,32096480.,82,238848
scalar,clustered,64,262144,90,matching_range_runs,7,29031058.,82,238848
scalar,clustered,64,262144,100,access_compare,1,759588996.,1,262144
scalar,clustered,64,262144,100,access_compare,2,847636108.,1,262144
scalar,clustered,64,262144,100,access_compare,3,776930987.,1,262144
scalar,clustered,64,262144,100,access_compare,4,793905065.,1,262144
scalar,clustered,64,262144,100,access_compare,5,841402959.,1,262144
scalar,clustered,64,262144,100,access_compare,6,776804983.,1,262144
scalar,clustered,64,262144,100,access_compare,7,922788033.,1,262144
scalar,clustered,64,262144,100,matching_range_runs,1,100.,1,262144
scalar,clustered,64,262144,100,matching_range_runs,2,100.,1,262144
scalar,clustered,64,262144,100,matching_range_runs,3,0.,1,262144
scalar,clustered,64,262144,100,matching_range_runs,4,0.,1,262144
scalar,clustered,64,262144,100,matching_range_runs,5,0.,1,262144
scalar,clustered,64,262144,100,matching_range_runs,6,100.,1,262144
scalar,clustered,64,262144,100,matching_range_runs,7,100.,1,262144
scalar,periodic,8,262144,1,access_compare,1,117446685.,2048,2048
scalar,periodic,8,262144,1,access_compare,2,125828412.,2048,2048
scalar,periodic,8,262144,1,access_compare,3,122536984.,2048,2048
scalar,periodic,8,262144,1,access_compare,4,120097389.,2048,2048
scalar,periodic,8,262144,1,access_compare,5,115804921.,2048,2048
scalar,periodic,8,262144,1,access_compare,6,116596952.,2048,2048
scalar,periodic,8,262144,1,access_compare,7,122809894.,2048,2048
scalar,periodic,8,262144,1,matching_range_runs,1,17309476.,2048,2048
scalar,periodic,8,262144,1,matching_range_runs,2,15741415.,2048,2048
scalar,periodic,8,262144,1,matching_range_runs,3,16401340.,2048,2048
scalar,periodic,8,262144,1,matching_range_runs,4,19173948.,2048,2048
scalar,periodic,8,262144,1,matching_range_runs,5,18252813.,2048,2048
scalar,periodic,8,262144,1,matching_range_runs,6,19332155.,2048,2048
scalar,periodic,8,262144,1,matching_range_runs,7,18852336.,2048,2048
scalar,periodic,8,262144,10,access_compare,1,126615844.,21504,25600
scalar,periodic,8,262144,10,access_compare,2,131822446.,21504,25600
scalar,periodic,8,262144,10,access_compare,3,117131173.,21504,25600
scalar,periodic,8,262144,10,access_compare,4,123260212.,21504,25600
scalar,periodic,8,262144,10,access_compare,5,118457424.,21504,25600
scalar,periodic,8,262144,10,access_compare,6,113271322.,21504,25600
scalar,periodic,8,262144,10,access_compare,7,142784275.,21504,25600
scalar,periodic,8,262144,10,matching_range_runs,1,32837482.,21504,25600
scalar,periodic,8,262144,10,matching_range_runs,2,38441201.,21504,25600
scalar,periodic,8,262144,10,matching_range_runs,3,38843616.,21504,25600
scalar,periodic,8,262144,10,matching_range_runs,4,32837482.,21504,25600
scalar,periodic,8,262144,10,matching_range_runs,5,38539605.,21504,25600
scalar,periodic,8,262144,10,matching_range_runs,6,31607434.,21504,25600
scalar,periodic,8,262144,10,matching_range_runs,7,31991749.,21504,25600
scalar,periodic,8,262144,40,access_compare,1,146834833.,21504,104448
scalar,periodic,8,262144,40,access_compare,2,136255519.,21504,104448
scalar,periodic,8,262144,40,access_compare,3,120836018.,21504,104448
scalar,periodic,8,262144,40,access_compare,4,128320610.,21504,104448
scalar,periodic,8,262144,40,access_compare,5,129260246.,21504,104448
scalar,periodic,8,262144,40,access_compare,6,120726113.,21504,104448
scalar,periodic,8,262144,40,access_compare,7,121619648.,21504,104448
scalar,periodic,8,262144,40,matching_range_runs,1,32702577.,21504,104448
scalar,periodic,8,262144,40,matching_range_runs,2,35423383.,21504,104448
scalar,periodic,8,262144,40,matching_range_runs,3,30097375.,21504,104448
scalar,periodic,8,262144,40,matching_range_runs,4,36119010.,21504,104448
scalar,periodic,8,262144,40,matching_range_runs,5,35142472.,21504,104448
scalar,periodic,8,262144,40,matching_range_runs,6,30724699.,21504,104448
scalar,periodic,8,262144,40,matching_range_runs,7,30770902.,21504,104448
scalar,periodic,8,262144,90,access_compare,1,113904447.,21504,234496
scalar,periodic,8,262144,90,access_compare,2,115845723.,21504,234496
scalar,periodic,8,262144,90,access_compare,3,115571512.,21504,234496
scalar,periodic,8,262144,90,access_compare,4,116523049.,21504,234496
scalar,periodic,8,262144,90,access_compare,5,121156130.,21504,234496
scalar,periodic,8,262144,90,access_compare,6,112269983.,21504,234496
scalar,periodic,8,262144,90,access_compare,7,116117133.,21504,234496
scalar,periodic,8,262144,90,matching_range_runs,1,30921807.,21504,234496
scalar,periodic,8,262144,90,matching_range_runs,2,31210819.,21504,234496
scalar,periodic,8,262144,90,matching_range_runs,3,32483968.,21504,234496
scalar,periodic,8,262144,90,matching_range_runs,4,36835238.,21504,234496
scalar,periodic,8,262144,90,matching_range_runs,5,33444206.,21504,234496
scalar,periodic,8,262144,90,matching_range_runs,6,30939707.,21504,234496
scalar,periodic,8,262144,90,matching_range_runs,7,33530610.,21504,234496
scalar,periodic,8,262144,100,access_compare,1,112148178.,1,262144
scalar,periodic,8,262144,100,access_compare,2,112532394.,1,262144
scalar,periodic,8,262144,100,access_compare,3,121252733.,1,262144
scalar,periodic,8,262144,100,access_compare,4,118668133.,1,262144
scalar,periodic,8,262144,100,access_compare,5,116709157.,1,262144
scalar,periodic,8,262144,100,access_compare,6,126804550.,1,262144
scalar,periodic,8,262144,100,access_compare,7,117968906.,1,262144
scalar,periodic,8,262144,100,matching_range_runs,1,100.,1,262144
scalar,periodic,8,262144,100,matching_range_runs,2,0.,1,262144
scalar,periodic,8,262144,100,matching_range_runs,3,0.,1,262144
scalar,periodic,8,262144,100,matching_range_runs,4,0.,1,262144
scalar,periodic,8,262144,100,matching_range_runs,5,0.,1,262144
scalar,periodic,8,262144,100,matching_range_runs,6,0.,1,262144
scalar,periodic,8,262144,100,matching_range_runs,7,0.,1,262144
scalar,periodic,16,262144,1,access_compare,1,251557121.,2620,2620
scalar,periodic,16,262144,1,access_compare,2,265052038.,2620,2620
scalar,periodic,16,262144,1,access_compare,3,252939796.,2620,2620
scalar,periodic,16,262144,1,access_compare,4,238894341.,2620,2620
scalar,periodic,16,262144,1,access_compare,5,237324379.,2620,2620
scalar,periodic,16,262144,1,access_compare,6,235405503.,2620,2620
scalar,periodic,16,262144,1,access_compare,7,247978700.,2620,2620
scalar,periodic,16,262144,1,matching_range_runs,1,30531706.,2620,2620
scalar,periodic,16,262144,1,matching_range_runs,2,36514043.,2620,2620
scalar,periodic,16,262144,1,matching_range_runs,3,29778177.,2620,2620
scalar,periodic,16,262144,1,matching_range_runs,4,28222716.,2620,2620
scalar,periodic,16,262144,1,matching_range_runs,5,29024847.,2620,2620
scalar,periodic,16,262144,1,matching_range_runs,6,29244755.,2620,2620
scalar,periodic,16,262144,1,matching_range_runs,7,33364419.,2620,2620
scalar,periodic,16,262144,10,access_compare,1,258219805.,26212,26212
scalar,periodic,16,262144,10,access_compare,2,262319266.,26212,26212
scalar,periodic,16,262144,10,access_compare,3,257794488.,26212,26212
scalar,periodic,16,262144,10,access_compare,4,247429179.,26212,26212
scalar,periodic,16,262144,10,access_compare,5,320899481.,26212,26212
scalar,periodic,16,262144,10,access_compare,6,249621465.,26212,26212
scalar,periodic,16,262144,10,access_compare,7,263495613.,26212,26212
scalar,periodic,16,262144,10,matching_range_runs,1,31095229.,26212,26212
scalar,periodic,16,262144,10,matching_range_runs,2,33479823.,26212,26212
scalar,periodic,16,262144,10,matching_range_runs,3,32724594.,26212,26212
scalar,periodic,16,262144,10,matching_range_runs,4,32461483.,26212,26212
scalar,periodic,16,262144,10,matching_range_runs,5,29402662.,26212,26212
scalar,periodic,16,262144,10,matching_range_runs,6,32385879.,26212,26212
scalar,periodic,16,262144,10,matching_range_runs,7,33190212.,26212,26212
scalar,periodic,16,262144,40,access_compare,1,254948976.,104856,104856
scalar,periodic,16,262144,40,access_compare,2,234061250.,104856,104856
scalar,periodic,16,262144,40,access_compare,3,227670797.,104856,104856
scalar,periodic,16,262144,40,access_compare,4,230683116.,104856,104856
scalar,periodic,16,262144,40,access_compare,5,234359862.,104856,104856
scalar,periodic,16,262144,40,access_compare,6,223899649.,104856,104856
scalar,periodic,16,262144,40,access_compare,7,223548734.,104856,104856
scalar,periodic,16,262144,40,matching_range_runs,1,28746336.,104856,104856
scalar,periodic,16,262144,40,matching_range_runs,2,38364616.,104856,104856
scalar,periodic,16,262144,40,matching_range_runs,3,35020484.,104856,104856
scalar,periodic,16,262144,40,matching_range_runs,4,29282057.,104856,104856
scalar,periodic,16,262144,40,matching_range_runs,5,28866041.,104856,104856
scalar,periodic,16,262144,40,matching_range_runs,6,31325438.,104856,104856
scalar,periodic,16,262144,40,matching_range_runs,7,34605068.,104856,104856
scalar,periodic,16,262144,90,access_compare,1,237927002.,26220,235924
scalar,periodic,16,262144,90,access_compare,2,231932266.,26220,235924
scalar,periodic,16,262144,90,access_compare,3,235466406.,26220,235924
scalar,periodic,16,262144,90,access_compare,4,238865075.,26220,235924
scalar,periodic,16,262144,90,access_compare,5,232692457.,26220,235924
scalar,periodic,16,262144,90,access_compare,6,248512985.,26220,235924
scalar,periodic,16,262144,90,access_compare,7,260574966.,26220,235924
scalar,periodic,16,262144,90,matching_range_runs,1,38380227.,26220,235924
scalar,periodic,16,262144,90,matching_range_runs,2,40776622.,26220,235924
scalar,periodic,16,262144,90,matching_range_runs,3,34280464.,26220,235924
scalar,periodic,16,262144,90,matching_range_runs,4,31823266.,26220,235924
scalar,periodic,16,262144,90,matching_range_runs,5,33467031.,26220,235924
scalar,periodic,16,262144,90,matching_range_runs,6,31345247.,26220,235924
scalar,periodic,16,262144,90,matching_range_runs,7,30096897.,26220,235924
scalar,periodic,16,262144,100,access_compare,1,239573730.,1,262144
scalar,periodic,16,262144,100,access_compare,2,257658550.,1,262144
scalar,periodic,16,262144,100,access_compare,3,254344217.,1,262144
scalar,periodic,16,262144,100,access_compare,4,233067672.,1,262144
scalar,periodic,16,262144,100,access_compare,5,323491068.,1,262144
scalar,periodic,16,262144,100,access_compare,6,254130109.,1,262144
scalar,periodic,16,262144,100,access_compare,7,242848860.,1,262144
scalar,periodic,16,262144,100,matching_range_runs,1,100.,1,262144
scalar,periodic,16,262144,100,matching_range_runs,2,0.,1,262144
scalar,periodic,16,262144,100,matching_range_runs,3,100.,1,262144
scalar,periodic,16,262144,100,matching_range_runs,4,100.,1,262144
scalar,periodic,16,262144,100,matching_range_runs,5,0.,1,262144
scalar,periodic,16,262144,100,matching_range_runs,6,0.,1,262144
scalar,periodic,16,262144,100,matching_range_runs,7,100.,1,262144
scalar,periodic,32,262144,1,access_compare,1,540392696.,2622,2622
scalar,periodic,32,262144,1,access_compare,2,661937032.,2622,2622
scalar,periodic,32,262144,1,access_compare,3,546315732.,2622,2622
scalar,periodic,32,262144,1,access_compare,4,543424717.,2622,2622
scalar,periodic,32,262144,1,access_compare,5,582485471.,2622,2622
scalar,periodic,32,262144,1,access_compare,6,542747786.,2622,2622
scalar,periodic,32,262144,1,access_compare,7,672882793.,2622,2622
scalar,periodic,32,262144,1,matching_range_runs,1,34327861.,2622,2622
scalar,periodic,32,262144,1,matching_range_runs,2,31491350.,2622,2622
scalar,periodic,32,262144,1,matching_range_runs,3,33091412.,2622,2622
scalar,periodic,32,262144,1,matching_range_runs,4,32418086.,2622,2622
scalar,periodic,32,262144,1,matching_range_runs,5,32232079.,2622,2622
scalar,periodic,32,262144,1,matching_range_runs,6,35158495.,2622,2622
scalar,periodic,32,262144,1,matching_range_runs,7,39870081.,2622,2622
scalar,periodic,32,262144,10,access_compare,1,558600659.,26222,26222
scalar,periodic,32,262144,10,access_compare,2,630339506.,26222,26222
scalar,periodic,32,262144,10,access_compare,3,536319775.,26222,26222
scalar,periodic,32,262144,10,access_compare,4,570893947.,26222,26222
scalar,periodic,32,262144,10,access_compare,5,547523920.,26222,26222
scalar,periodic,32,262144,10,access_compare,6,581211156.,26222,26222
scalar,periodic,32,262144,10,access_compare,7,554447594.,26222,26222
scalar,periodic,32,262144,10,matching_range_runs,1,30339004.,26222,26222
scalar,periodic,32,262144,10,matching_range_runs,2,34137754.,26222,26222
scalar,periodic,32,262144,10,matching_range_runs,3,28977350.,26222,26222
scalar,periodic,32,262144,10,matching_range_runs,4,33749738.,26222,26222
scalar,periodic,32,262144,10,matching_range_runs,5,35820121.,26222,26222
scalar,periodic,32,262144,10,matching_range_runs,6,28226020.,26222,26222
scalar,periodic,32,262144,10,matching_range_runs,7,30733319.,26222,26222
scalar,periodic,32,262144,40,access_compare,1,560063663.,104860,104860
scalar,periodic,32,262144,40,access_compare,2,515338506.,104860,104860
scalar,periodic,32,262144,40,access_compare,3,659579506.,104860,104860
scalar,periodic,32,262144,40,access_compare,4,737823044.,104860,104860
scalar,periodic,32,262144,40,access_compare,5,742608330.,104860,104860
scalar,periodic,32,262144,40,access_compare,6,775282598.,104860,104860
scalar,periodic,32,262144,40,access_compare,7,682863310.,104860,104860
scalar,periodic,32,262144,40,matching_range_runs,1,38376190.,104860,104860
scalar,periodic,32,262144,40,matching_range_runs,2,39311226.,104860,104860
scalar,periodic,32,262144,40,matching_range_runs,3,43336282.,104860,104860
scalar,periodic,32,262144,40,matching_range_runs,4,37414653.,104860,104860
scalar,periodic,32,262144,40,matching_range_runs,5,35638183.,104860,104860
scalar,periodic,32,262144,40,matching_range_runs,6,37566459.,104860,104860
scalar,periodic,32,262144,40,matching_range_runs,7,33470999.,104860,104860
scalar,periodic,32,262144,90,access_compare,1,580213025.,26221,235923
scalar,periodic,32,262144,90,access_compare,2,586587073.,26221,235923
scalar,periodic,32,262144,90,access_compare,3,627047743.,26221,235923
scalar,periodic,32,262144,90,access_compare,4,623599401.,26221,235923
scalar,periodic,32,262144,90,access_compare,5,616871174.,26221,235923
scalar,periodic,32,262144,90,access_compare,6,599026761.,26221,235923
scalar,periodic,32,262144,90,access_compare,7,723900055.,26221,235923
scalar,periodic,32,262144,90,matching_range_runs,1,37738009.,26221,235923
scalar,periodic,32,262144,90,matching_range_runs,2,34412476.,26221,235923
scalar,periodic,32,262144,90,matching_range_runs,3,32375495.,26221,235923
scalar,periodic,32,262144,90,matching_range_runs,4,38143626.,26221,235923
scalar,periodic,32,262144,90,matching_range_runs,5,36672967.,26221,235923
scalar,periodic,32,262144,90,matching_range_runs,6,32816912.,26221,235923
scalar,periodic,32,262144,90,matching_range_runs,7,34872695.,26221,235923
scalar,periodic,32,262144,100,access_compare,1,608136925.,1,262144
scalar,periodic,32,262144,100,access_compare,2,590798132.,1,262144
scalar,periodic,32,262144,100,access_compare,3,594543681.,1,262144
scalar,periodic,32,262144,100,access_compare,4,622419596.,1,262144
scalar,periodic,32,262144,100,access_compare,5,601022540.,1,262144
scalar,periodic,32,262144,100,access_compare,6,572141085.,1,262144
scalar,periodic,32,262144,100,access_compare,7,734318196.,1,262144
scalar,periodic,32,262144,100,matching_range_runs,1,100.,1,262144
scalar,periodic,32,262144,100,matching_range_runs,2,100.,1,262144
scalar,periodic,32,262144,100,matching_range_runs,3,100.,1,262144
scalar,periodic,32,262144,100,matching_range_runs,4,100.,1,262144
scalar,periodic,32,262144,100,matching_range_runs,5,100.,1,262144
scalar,periodic,32,262144,100,matching_range_runs,6,0.,1,262144
scalar,periodic,32,262144,100,matching_range_runs,7,0.,1,262144
scalar,periodic,64,262144,1,access_compare,1,2275233552.,2621,2621
scalar,periodic,64,262144,1,access_compare,2,1720056411.,2621,2621
scalar,periodic,64,262144,1,access_compare,3,1922366043.,2621,2621
scalar,periodic,64,262144,1,access_compare,4,1804330395.,2621,2621
scalar,periodic,64,262144,1,access_compare,5,1764808722.,2621,2621
scalar,periodic,64,262144,1,access_compare,6,1669823741.,2621,2621
scalar,periodic,64,262144,1,access_compare,7,1584893666.,2621,2621
scalar,periodic,64,262144,1,matching_range_runs,1,37723402.,2621,2621
scalar,periodic,64,262144,1,matching_range_runs,2,34512673.,2621,2621
scalar,periodic,64,262144,1,matching_range_runs,3,35251103.,2621,2621
scalar,periodic,64,262144,1,matching_range_runs,4,34701681.,2621,2621
scalar,periodic,64,262144,1,matching_range_runs,5,34745783.,2621,2621
scalar,periodic,64,262144,1,matching_range_runs,6,39236361.,2621,2621
scalar,periodic,64,262144,1,matching_range_runs,7,37825505.,2621,2621
scalar,periodic,64,262144,10,access_compare,1,1556882656.,26214,26214
scalar,periodic,64,262144,10,access_compare,2,1564850573.,26214,26214
scalar,periodic,64,262144,10,access_compare,3,1466594710.,26214,26214
scalar,periodic,64,262144,10,access_compare,4,1563154617.,26214,26214
scalar,periodic,64,262144,10,access_compare,5,1620567213.,26214,26214
scalar,periodic,64,262144,10,access_compare,6,1621862065.,26214,26214
scalar,periodic,64,262144,10,access_compare,7,1419747382.,26214,26214
scalar,periodic,64,262144,10,matching_range_runs,1,35425017.,26214,26214
scalar,periodic,64,262144,10,matching_range_runs,2,33053322.,26214,26214
scalar,periodic,64,262144,10,matching_range_runs,3,34111964.,26214,26214
scalar,periodic,64,262144,10,matching_range_runs,4,32844114.,26214,26214
scalar,periodic,64,262144,10,matching_range_runs,5,31693068.,26214,26214
scalar,periodic,64,262144,10,matching_range_runs,6,34046461.,26214,26214
scalar,periodic,64,262144,10,matching_range_runs,7,37526901.,26214,26214
scalar,periodic,64,262144,40,access_compare,1,1383905508.,100130,104858
scalar,periodic,64,262144,40,access_compare,2,1419775445.,100130,104858
scalar,periodic,64,262144,40,access_compare,3,1498893012.,100130,104858
scalar,periodic,64,262144,40,access_compare,4,1563365494.,100130,104858
scalar,periodic,64,262144,40,access_compare,5,1481598035.,100130,104858
scalar,periodic,64,262144,40,access_compare,6,1413381702.,100130,104858
scalar,periodic,64,262144,40,access_compare,7,1626367731.,100130,104858
scalar,periodic,64,262144,40,matching_range_runs,1,32928819.,100130,104858
scalar,periodic,64,262144,40,matching_range_runs,2,32955520.,100130,104858
scalar,periodic,64,262144,40,matching_range_runs,3,32998921.,100130,104858
scalar,periodic,64,262144,40,matching_range_runs,4,33736451.,100130,104858
scalar,periodic,64,262144,40,matching_range_runs,5,31087045.,100130,104858
scalar,periodic,64,262144,40,matching_range_runs,6,34296274.,100130,104858
scalar,periodic,64,262144,40,matching_range_runs,7,37208890.,100130,104858
scalar,periodic,64,262144,90,access_compare,1,1269557666.,26215,235929
scalar,periodic,64,262144,90,access_compare,2,1416099846.,26215,235929
scalar,periodic,64,262144,90,access_compare,3,1379271970.,26215,235929
scalar,periodic,64,262144,90,access_compare,4,1429189170.,26215,235929
scalar,periodic,64,262144,90,access_compare,5,1457936822.,26215,235929
scalar,periodic,64,262144,90,access_compare,6,1440906264.,26215,235929
scalar,periodic,64,262144,90,access_compare,7,1399758714.,26215,235929
scalar,periodic,64,262144,90,matching_range_runs,1,31060656.,26215,235929
scalar,periodic,64,262144,90,matching_range_runs,2,34352889.,26215,235929
scalar,periodic,64,262144,90,matching_range_runs,3,31228063.,26215,235929
scalar,periodic,64,262144,90,matching_range_runs,4,29484293.,26215,235929
scalar,periodic,64,262144,90,matching_range_runs,5,33982674.,26215,235929
scalar,periodic,64,262144,90,matching_range_runs,6,28378348.,26215,235929
scalar,periodic,64,262144,90,matching_range_runs,7,27711221.,26215,235929
scalar,periodic,64,262144,100,access_compare,1,1486900538.,1,262144
scalar,periodic,64,262144,100,access_compare,2,1511296125.,1,262144
scalar,periodic,64,262144,100,access_compare,3,1362777603.,1,262144
scalar,periodic,64,262144,100,access_compare,4,1523124234.,1,262144
scalar,periodic,64,262144,100,access_compare,5,1598608534.,1,262144
scalar,periodic,64,262144,100,access_compare,6,1597093472.,1,262144
scalar,periodic,64,262144,100,access_compare,7,1500045187.,1,262144
scalar,periodic,64,262144,100,matching_range_runs,1,100.,1,262144
scalar,periodic,64,262144,100,matching_range_runs,2,0.,1,262144
scalar,periodic,64,262144,100,matching_range_runs,3,0.,1,262144
scalar,periodic,64,262144,100,matching_range_runs,4,0.,1,262144
scalar,periodic,64,262144,100,matching_range_runs,5,100.,1,262144
scalar,periodic,64,262144,100,matching_range_runs,6,0.,1,262144
scalar,periodic,64,262144,100,matching_range_runs,7,0.,1,262144
